key	ModifiedSequence	Charge	Fragmentation	MassAnalyzer	Length	FragmentIntensities	FragmentIons	FragmentMZs	PrecursorMZ
0	AKMLIVR	3	HCD	ITMS	7	3219.97376922;6232.94192009;3089.27249842;2678.75905074;1497.80589902;0.0;0.0;0.0;1648.96093075;1527.4498713;1040.7393099;71.5416148545;0.0;0.0	y1_charge1-noloss;y2_charge1-noloss;y3_charge1-noloss;y4_charge1-noloss;y5_charge1-noloss;y6_charge1-noloss;y7_charge1-noloss;b1_charge1-noloss;b2_charge1-noloss;b3_charge1-noloss;b4_charge1-noloss;b5_charge1-noloss;b6_charge1-noloss;b7_charge1-noloss	175.118951;274.187361;387.271421;500.355481;631.395971;759.490931;830.528041;72.044386;200.139346;331.179836;444.263896;557.347956;656.416366;812.517476	277.5141976666667
1	ILFWYK	2	CID	FTMS	6	522.260491942;2075.41314523;2845.09681302;8951.04423101;1478.0923122;0.0;0.0;1686.57137813;795.676376307;336.881110972;254.51042625;0.0	y1_charge1-noloss;y2_charge1-noloss;y3_charge1-noloss;y4_charge1-noloss;y5_charge1-noloss;y6_charge1-noloss;b1_charge1-noloss;b2_charge1-noloss;b3_charge1-noloss;b4_charge1-noloss;b5_charge1-noloss;b6_charge1-noloss	147.112801;310.176131;496.255441;643.323851;756.407911;869.491971;114.091336;227.175396;374.243806;560.323116;723.386446;851.481406	435.24962350000004
